{"class_name": "Functional", "config": {"name": "model_7", "layers": [{"class_name": "InputLayer", "config": {"batch_input_shape": [null, 1920], "dtype": "float32", "sparse": false, "ragged": false, "name": "input_4"}, "name": "input_4", "inbound_nodes": []}, {"class_name": "InputLayer", "config": {"batch_input_shape": [null, 58], "dtype": "float32", "sparse": false, "ragged": false, "name": "input_6"}, "name": "input_6", "inbound_nodes": []}, {"class_name": "Dense", "config": {"name": "dense_14", "trainable": true, "dtype": "float32", "units": 800, "activation": "relu", "use_bias": true, "kernel_initializer": {"class_name": "GlorotUniform", "config": {"seed": null, "dtype": "float32"}}, "bias_initializer": {"class_name": "Zeros", "config": {"dtype": "float32"}}, "kernel_regularizer": null, "bias_regularizer": null, "activity_regularizer": null, "kernel_constraint": null, "bias_constraint": null}, "name": "dense_14", "inbound_nodes": [[["input_4", 0, 0, {}]]]}, {"class_name": "Dense", "config": {"name": "dense_21", "trainable": true, "dtype": "float32", "units": 200, "activation": "relu", "use_bias": true, "kernel_initializer": {"class_name": "GlorotUniform", "config": {"seed": null, "dtype": "float32"}}, "bias_initializer": {"class_name": "Zeros", "config": {"dtype": "float32"}}, "kernel_regularizer": null, "bias_regularizer": null, "activity_regularizer": null, "kernel_constraint": null, "bias_constraint": null}, "name": "dense_21", "inbound_nodes": [[["input_6", 0, 0, {}]]]}, {"class_name": "BatchNormalization", "config": {"name": "batch_normalization_3", "trainable": true, "dtype": "float32", "axis": [1], "momentum": 0.99, "epsilon": 0.001, "center": true, "scale": true, "beta_initializer": {"class_name": "Zeros", "config": {"dtype": "float32"}}, "gamma_initializer": {"class_name": "Ones", "config": {"dtype": "float32"}}, "moving_mean_initializer": {"class_name": "Zeros", "config": {"dtype": "float32"}}, "moving_variance_initializer": {"class_name": "Ones", "config": {"dtype": "float32"}}, "beta_regularizer": null, "gamma_regularizer": null, "beta_constraint": null, "gamma_constraint": null}, "name": "batch_normalization_3", "inbound_nodes": [[["dense_14", 0, 0, {}]]]}, {"class_name": "BatchNormalization", "config": {"name": "batch_normalization_5", "trainable": true, "dtype": "float32", "axis": [1], "momentum": 0.99, "epsilon": 0.001, "center": true, "scale": true, "beta_initializer": {"class_name": "Zeros", "config": {"dtype": "float32"}}, "gamma_initializer": {"class_name": "Ones", "config": {"dtype": "float32"}}, "moving_mean_initializer": {"class_name": "Zeros", "config": {"dtype": "float32"}}, "moving_variance_initializer": {"class_name": "Ones", "config": {"dtype": "float32"}}, "beta_regularizer": null, "gamma_regularizer": null, "beta_constraint": null, "gamma_constraint": null}, "name": "batch_normalization_5", "inbound_nodes": [[["dense_21", 0, 0, {}]]]}, {"class_name": "Dropout", "config": {"name": "dropout_10", "trainable": true, "dtype": "float32", "rate": 0.2, "noise_shape": null, "seed": null}, "name": "dropout_10", "inbound_nodes": [[["batch_normalization_3", 0, 0, {}]]]}, {"class_name": "InputLayer", "config": {"batch_input_shape": [null, 3], "dtype": "float32", "sparse": false, "ragged": false, "name": "input_5"}, "name": "input_5", "inbound_nodes": []}, {"class_name": "Dropout", "config": {"name": "dropout_16", "trainable": true, "dtype": "float32", "rate": 0.2, "noise_shape": null, "seed": null}, "name": "dropout_16", "inbound_nodes": [[["batch_normalization_5", 0, 0, {}]]]}, {"class_name": "Dense", "config": {"name": "dense_15", "trainable": true, "dtype": "float32", "units": 400, "activation": "relu", "use_bias": true, "kernel_initializer": {"class_name": "GlorotUniform", "config": {"seed": null, "dtype": "float32"}}, "bias_initializer": {"class_name": "Zeros", "config": {"dtype": "float32"}}, "kernel_regularizer": null, "bias_regularizer": null, "activity_regularizer": null, "kernel_constraint": null, "bias_constraint": null}, "name": "dense_15", "inbound_nodes": [[["dropout_10", 0, 0, {}]]]}, {"class_name": "Dense", "config": {"name": "dense_18", "trainable": true, "dtype": "float32", "units": 64, "activation": "relu", "use_bias": true, "kernel_initializer": {"class_name": "GlorotUniform", "config": {"seed": null, "dtype": "float32"}}, "bias_initializer": {"class_name": "Zeros", "config": {"dtype": "float32"}}, "kernel_regularizer": null, "bias_regularizer": null, "activity_regularizer": null, "kernel_constraint": null, "bias_constraint": null}, "name": "dense_18", "inbound_nodes": [[["input_5", 0, 0, {}]]]}, {"class_name": "Dense", "config": {"name": "dense_22", "trainable": true, "dtype": "float32", "units": 100, "activation": "relu", "use_bias": true, "kernel_initializer": {"class_name": "GlorotUniform", "config": {"seed": null, "dtype": "float32"}}, "bias_initializer": {"class_name": "Zeros", "config": {"dtype": "float32"}}, "kernel_regularizer": null, "bias_regularizer": null, "activity_regularizer": null, "kernel_constraint": null, "bias_constraint": null}, "name": "dense_22", "inbound_nodes": [[["dropout_16", 0, 0, {}]]]}, {"class_name": "Dropout", "config": {"name": "dropout_11", "trainable": true, "dtype": "float32", "rate": 0.2, "noise_shape": null, "seed": null}, "name": "dropout_11", "inbound_nodes": [[["dense_15", 0, 0, {}]]]}, {"class_name": "BatchNormalization", "config": {"name": "batch_normalization_4", "trainable": true, "dtype": "float32", "axis": [1], "momentum": 0.99, "epsilon": 0.001, "center": true, "scale": true, "beta_initializer": {"class_name": "Zeros", "config": {"dtype": "float32"}}, "gamma_initializer": {"class_name": "Ones", "config": {"dtype": "float32"}}, "moving_mean_initializer": {"class_name": "Zeros", "config": {"dtype": "float32"}}, "moving_variance_initializer": {"class_name": "Ones", "config": {"dtype": "float32"}}, "beta_regularizer": null, "gamma_regularizer": null, "beta_constraint": null, "gamma_constraint": null}, "name": "batch_normalization_4", "inbound_nodes": [[["dense_18", 0, 0, {}]]]}, {"class_name": "Dropout", "config": {"name": "dropout_17", "trainable": true, "dtype": "float32", "rate": 0.2, "noise_shape": null, "seed": null}, "name": "dropout_17", "inbound_nodes": [[["dense_22", 0, 0, {}]]]}, {"class_name": "Dense", "config": {"name": "dense_16", "trainable": true, "dtype": "float32", "units": 200, "activation": "relu", "use_bias": true, "kernel_initializer": {"class_name": "GlorotUniform", "config": {"seed": null, "dtype": "float32"}}, "bias_initializer": {"class_name": "Zeros", "config": {"dtype": "float32"}}, "kernel_regularizer": null, "bias_regularizer": null, "activity_regularizer": null, "kernel_constraint": null, "bias_constraint": null}, "name": "dense_16", "inbound_nodes": [[["dropout_11", 0, 0, {}]]]}, {"class_name": "Dropout", "config": {"name": "dropout_14", "trainable": true, "dtype": "float32", "rate": 0.2, "noise_shape": null, "seed": null}, "name": "dropout_14", "inbound_nodes": [[["batch_normalization_4", 0, 0, {}]]]}, {"class_name": "Dense", "config": {"name": "dense_23", "trainable": true, "dtype": "float32", "units": 50, "activation": "relu", "use_bias": true, "kernel_initializer": {"class_name": "GlorotUniform", "config": {"seed": null, "dtype": "float32"}}, "bias_initializer": {"class_name": "Zeros", "config": {"dtype": "float32"}}, "kernel_regularizer": null, "bias_regularizer": null, "activity_regularizer": null, "kernel_constraint": null, "bias_constraint": null}, "name": "dense_23", "inbound_nodes": [[["dropout_17", 0, 0, {}]]]}, {"class_name": "Dropout", "config": {"name": "dropout_12", "trainable": true, "dtype": "float32", "rate": 0.2, "noise_shape": null, "seed": null}, "name": "dropout_12", "inbound_nodes": [[["dense_16", 0, 0, {}]]]}, {"class_name": "Dense", "config": {"name": "dense_19", "trainable": true, "dtype": "float32", "units": 32, "activation": "relu", "use_bias": true, "kernel_initializer": {"class_name": "GlorotUniform", "config": {"seed": null, "dtype": "float32"}}, "bias_initializer": {"class_name": "Zeros", "config": {"dtype": "float32"}}, "kernel_regularizer": null, "bias_regularizer": null, "activity_regularizer": null, "kernel_constraint": null, "bias_constraint": null}, "name": "dense_19", "inbound_nodes": [[["dropout_14", 0, 0, {}]]]}, {"class_name": "Dropout", "config": {"name": "dropout_18", "trainable": true, "dtype": "float32", "rate": 0.2, "noise_shape": null, "seed": null}, "name": "dropout_18", "inbound_nodes": [[["dense_23", 0, 0, {}]]]}, {"class_name": "Dense", "config": {"name": "dense_17", "trainable": true, "dtype": "float32", "units": 100, "activation": "relu", "use_bias": true, "kernel_initializer": {"class_name": "GlorotUniform", "config": {"seed": null, "dtype": "float32"}}, "bias_initializer": {"class_name": "Zeros", "config": {"dtype": "float32"}}, "kernel_regularizer": null, "bias_regularizer": null, "activity_regularizer": null, "kernel_constraint": null, "bias_constraint": null}, "name": "dense_17", "inbound_nodes": [[["dropout_12", 0, 0, {}]]]}, {"class_name": "Dropout", "config": {"name": "dropout_15", "trainable": true, "dtype": "float32", "rate": 0.2, "noise_shape": null, "seed": null}, "name": "dropout_15", "inbound_nodes": [[["dense_19", 0, 0, {}]]]}, {"class_name": "Dense", "config": {"name": "dense_24", "trainable": true, "dtype": "float32", "units": 25, "activation": "relu", "use_bias": true, "kernel_initializer": {"class_name": "GlorotUniform", "config": {"seed": null, "dtype": "float32"}}, "bias_initializer": {"class_name": "Zeros", "config": {"dtype": "float32"}}, "kernel_regularizer": null, "bias_regularizer": null, "activity_regularizer": null, "kernel_constraint": null, "bias_constraint": null}, "name": "dense_24", "inbound_nodes": [[["dropout_18", 0, 0, {}]]]}, {"class_name": "Dropout", "config": {"name": "dropout_13", "trainable": true, "dtype": "float32", "rate": 0.2, "noise_shape": null, "seed": null}, "name": "dropout_13", "inbound_nodes": [[["dense_17", 0, 0, {}]]]}, {"class_name": "Dense", "config": {"name": "dense_20", "trainable": true, "dtype": "float32", "units": 16, "activation": "relu", "use_bias": true, "kernel_initializer": {"class_name": "GlorotUniform", "config": {"seed": null, "dtype": "float32"}}, "bias_initializer": {"class_name": "Zeros", "config": {"dtype": "float32"}}, "kernel_regularizer": null, "bias_regularizer": null, "activity_regularizer": null, "kernel_constraint": null, "bias_constraint": null}, "name": "dense_20", "inbound_nodes": [[["dropout_15", 0, 0, {}]]]}, {"class_name": "Dropout", "config": {"name": "dropout_19", "trainable": true, "dtype": "float32", "rate": 0.2, "noise_shape": null, "seed": null}, "name": "dropout_19", "inbound_nodes": [[["dense_24", 0, 0, {}]]]}, {"class_name": "Concatenate", "config": {"name": "concatenate_1", "trainable": true, "dtype": "float32", "axis": -1}, "name": "concatenate_1", "inbound_nodes": [[["dropout_13", 0, 0, {}], ["dense_20", 0, 0, {}], ["dropout_19", 0, 0, {}]]]}, {"class_name": "Dense", "config": {"name": "dense_25", "trainable": true, "dtype": "float32", "units": 32, "activation": "relu", "use_bias": true, "kernel_initializer": {"class_name": "GlorotUniform", "config": {"seed": null, "dtype": "float32"}}, "bias_initializer": {"class_name": "Zeros", "config": {"dtype": "float32"}}, "kernel_regularizer": null, "bias_regularizer": null, "activity_regularizer": null, "kernel_constraint": null, "bias_constraint": null}, "name": "dense_25", "inbound_nodes": [[["concatenate_1", 0, 0, {}]]]}, {"class_name": "Dense", "config": {"name": "dense_26", "trainable": true, "dtype": "float32", "units": 16, "activation": "relu", "use_bias": true, "kernel_initializer": {"class_name": "GlorotUniform", "config": {"seed": null, "dtype": "float32"}}, "bias_initializer": {"class_name": "Zeros", "config": {"dtype": "float32"}}, "kernel_regularizer": null, "bias_regularizer": null, "activity_regularizer": null, "kernel_constraint": null, "bias_constraint": null}, "name": "dense_26", "inbound_nodes": [[["dense_25", 0, 0, {}]]]}, {"class_name": "Dense", "config": {"name": "dense_27", "trainable": true, "dtype": "float32", "units": 2, "activation": "softmax", "use_bias": true, "kernel_initializer": {"class_name": "GlorotUniform", "config": {"seed": null, "dtype": "float32"}}, "bias_initializer": {"class_name": "Zeros", "config": {"dtype": "float32"}}, "kernel_regularizer": null, "bias_regularizer": null, "activity_regularizer": null, "kernel_constraint": null, "bias_constraint": null}, "name": "dense_27", "inbound_nodes": [[["dense_26", 0, 0, {}]]]}], "input_layers": [["input_4", 0, 0], ["input_5", 0, 0], ["input_6", 0, 0]], "output_layers": [["dense_27", 0, 0]]}, "keras_version": "2.8.0", "backend": "tensorflow"}